image_name,folder_name
CabinCruiserUnder5Kn - 20230414_112702M.jpg,Cabin
CabinCruiserUnder5Kn-098a1822-351c-44cc-88cb-e0f42fd5746b.jpg,Cabin
CabinCruiserUnder5Kn-0b3332b0-3c2e-4649-b5be-586066839aa3.jpg,Cabin
CabinCruiserUnder5Kn-126676cf-4083-423d-a2f5-7310909a86ee.jpg,Cabin
CabinCruiserUnder5Kn-1c18d685-b716-4e62-8f9a-7b00cf748b5f.jpg,Cabin
CabinCruiserUnder5Kn-1d317e2b-2b2c-476d-ab04-35d11768155b.jpg,Cabin
CabinCruiserUnder5Kn-2097d84d-4bad-4c64-8040-4949766d7f62.jpg,Cabin
CabinCruiserUnder5Kn-2a206007-6ef2-44f2-958d-783835293232.jpg,Cabin
CabinCruiserUnder5Kn-538e06af-0ea2-4d92-bdaf-5dd74ada0d0d.jpg,Cabin
CabinCruiserUnder5Kn-57bd7e10-7ac3-45da-8e09-6784c162c78b.jpg,Cabin
CabinCruiserUnder5Kn-5c3c5aea-7a66-460c-af7a-5bc4edd420d3.jpg,Cabin
CabinCruiserUnder5Kn-5dadf2ba-5db6-4425-879d-dee3c2ba5865.jpg,Cabin
CabinCruiserUnder5Kn-6914eae4-da20-4187-b764-fd46c63a7f5c.jpg,Cabin
CabinCruiserUnder5Kn-6fa209bf-ab09-4389-9cfd-87b5b854934b.jpg,Cabin
CabinCruiserUnder5Kn-767f3f74-e3cf-41c7-90ff-9bb02ff83342.jpg,Cabin
CabinCruiserUnder5Kn-771525cb-877e-42f7-ad24-a56b1fd625a6.jpg,Cabin
CabinCruiserUnder5Kn-7ddecf28-e9fb-4c61-981d-e48f2846cc58.jpg,Cabin
CabinCruiserUnder5Kn-9099992d-0714-436f-80dd-6a23b6826ef1.jpg,Cabin
CabinCruiserUnder5Kn-92557f15-f9ca-4276-818d-0711bad53290.jpg,Cabin
CabinCruiserUnder5Kn-9ba8f75a-bdba-4fd4-a6ae-3f7257747034.jpg,Cabin
CabinCruiserUnder5Kn-a1c86f07-97d1-47b3-8201-d032e4de5adb.jpg,Cabin
CabinCruiserUnder5Kn-a53eea83-46fc-459d-80f8-e5e09ed2c6d6.jpg,Cabin
CabinCruiserUnder5Kn-ae9bfb8b-9faa-48b2-bb51-27b6a118d643.jpg,Cabin
CabinCruiserUnder5Kn-bbe16f08-b660-4815-98e0-505ac6b8d51f.jpg,Cabin
CabinCruiserUnder5Kn-c2fa5b10-56af-4e10-b9d4-7e50ec6bfa63.jpg,Cabin
CabinCruiserUnder5Kn-c73b8190-4da7-41dd-af45-99e00fd3919d.jpg,Cabin
CabinCruiserUnder5Kn-c8653af3-5584-4765-af3a-71f61bea1944.jpg,Cabin
CabinCruiserUnder5Kn-cd0788c0-d709-471f-9a5e-21553075d37b.jpg,Cabin
CabinCruiserUnder5Kn-cf716a6f-f21d-4031-b6c9-be32593cf815.jpg,Cabin
CabinCruiserUnder5Kn-d0bd0d51-8a0a-462c-9ac0-bb16b7fd7eca.jpg,Cabin
CabinCruiserUnder5Kn-d1bf6195-b747-445b-bdb6-c7194840209b.jpg,Cabin
CabinCruiserUnder5Kn-d879090f-41e7-4e09-b604-a1af7ed1cc29.jpg,Cabin
CabinCruiserUnder5Kn-de38fb90-e7d6-44e2-a91a-410f27f57904.jpg,Cabin
CabinCruiserUnder5Kn-f18533c5-bdfe-46e6-9d41-0048e82955d9.jpg,Cabin
CabinCruiserUnder5Kn-f5ec872a-19b7-4dfb-b5bd-0338c29d2d6b.jpg,Cabin
HumanPowered - 20230414_110141M.jpg,CanoeKayak
HumanPowered - 20230414_122103M.jpg,CanoeKayak
HumanPowered - 20230414_122415M.jpg,CanoeKayak
HumanPowered-0e46a034-54be-473b-89bd-391a824c4a52.jpg,CanoeKayak
HumanPowered-0f5dde33-3e41-41c7-88b7-ea94a40e1db7.jpg,CanoeKayak
HumanPowered-15bc5d1e-08b8-4414-a818-e118b67f34bd.jpg,CanoeKayak
HumanPowered-25463cc8-0340-4a4b-94a1-b73085e448b4.jpg,CanoeKayak
HumanPowered-26babc4a-e827-46b9-827f-5918ebf3fb8c.jpg,CanoeKayak
HumanPowered-2e95e755-436f-4957-887f-9ad950933269.jpg,CanoeKayak
HumanPowered-33308cd9-4d59-4111-995b-541b8eb5762c.jpg,CanoeKayak
HumanPowered-350f1573-fa97-46ac-bfae-1b7e5a748ea1.jpg,CanoeKayak
HumanPowered-489581d2-d681-4748-9638-eee312b3d240.jpg,CanoeKayak
HumanPowered-491bdccd-2c13-4dee-af3a-a82304cc5b1a.jpg,CanoeKayak
HumanPowered-4bd0dec9-5dc3-4fdc-9be7-17654a93f1f4.jpg,CanoeKayak
HumanPowered-6aad6285-ad27-4d79-b562-bfba4dd2a0e4.jpg,CanoeKayak
HumanPowered-6b84ebfe-6df9-47b9-ab1b-d4d7b19bf679.jpg,CanoeKayak
HumanPowered-7369fef9-5984-48f4-bf2b-5f99cd43bbe5.jpg,CanoeKayak
HumanPowered-75e0f82f-048c-4eb6-b9fc-cca8f0da5386.jpg,CanoeKayak
HumanPowered-845ecf0b-8ee1-446a-b986-e0840b8c2e9a.jpg,CanoeKayak
HumanPowered-8d868df9-c5b0-4791-bb74-d1e8958f134f.jpg,CanoeKayak
HumanPowered-8ff24bc2-8b53-41f5-b4aa-60bb0f4b3884.jpg,CanoeKayak
HumanPowered-93635c14-cfc1-4b6a-bfe7-fe4e44e36a5a.jpg,CanoeKayak
HumanPowered-a0ce37a8-ac2e-426b-a25d-daf0e572c77c.jpg,CanoeKayak
HumanPowered-a76be2a0-d3af-4208-a62c-2070a371e4db.jpg,CanoeKayak
HumanPowered-aa6b3823-b9bf-4e60-aa52-c369f9ea5bfc.jpg,CanoeKayak
HumanPowered-af56e4e1-4475-41af-8cde-510db0fb163b.jpg,CanoeKayak
HumanPowered-c1d270dc-f622-46ef-bda4-ba4b006393bf.jpg,CanoeKayak
HumanPowered-c7c0137e-0975-4360-87e7-9632c170d112.jpg,CanoeKayak
HumanPowered-c839ef8d-f76c-4dd8-baec-2eb3d07d0926.jpg,CanoeKayak
HumanPowered-d62990c1-343d-4911-865b-d084ebb230f8.jpg,CanoeKayak
HumanPowered-deed4ca5-4fa1-415f-b69a-a8a7076cfc8a.jpg,CanoeKayak
HumanPowered-e41b291e-a757-4da1-b824-5527229b398a.jpg,CanoeKayak
HumanPowered-eaf35aed-1a75-4272-be44-779d725acafd.jpg,CanoeKayak
HumanPowered-f583ac48-985f-4e50-a21b-407bfaa1f388.jpg,CanoeKayak
HumanPowered-f60b2d7e-8d08-4712-87ff-adcab59d2fc5.jpg,CanoeKayak
CommercialUnder5Kn-0b763ffd-1c61-416e-a444-beddf739e285.jpg,Commercial
CommercialUnder5Kn-1f170974-12c2-433d-9df7-45a502e21114.jpg,Commercial
CommercialUnder5Kn-7111aeb7-2253-4a23-b5d8-01c53cd848e7.jpg,Commercial
CommercialUnder5Kn-7b2e48cf-0db5-4a73-ac8a-e792259ee2a4.jpg,Commercial
CommercialUnder5Kn-93a3dc0f-87b7-4308-9ed5-db3ae3a287c1.jpg,Commercial
CommercialUnder5Kn-9ed29f22-06be-45dc-ac09-b80edc422dc3.jpg,Commercial
CommercialUnder5Kn-a2dfac0e-1a5d-469c-8f2f-d14023d15259.jpg,Commercial
CommercialUnder5Kn-f55d02c2-2270-429a-98f2-837557edd0dd.jpg,Commercial
OpenOver5Kn-4383ff5b-e823-4292-baec-c635e2768dae.jpg,Open
OpenOver5Kn-86b86854-4817-4d2b-b1a3-e912a14cb86c.jpg,Open
OpenOver5Kn-d97d24f9-d764-4ead-a5a1-a94760dbfa87.jpg,Open
OpenUnder5kn-02214149-d5b6-4407-a1cf-fcdfe3b07415.jpg,Open
OpenUnder5kn-0b6df018-7354-4204-8b23-af3f336069f6.jpg,Open
OpenUnder5kn-0ccd1e04-11ef-43ea-bb58-0316f47a357b.jpg,Open
OpenUnder5kn-0f75665b-28f6-4bea-b933-72f4fb49589f.jpg,Open
OpenUnder5kn-101c91e9-51cd-4f8f-8d1c-282b0d7a0e3d.jpg,Open
OpenUnder5kn-13b4725a-4709-434b-948f-28214986b935.jpg,Open
OpenUnder5kn-27710daa-fde2-48de-bee1-88ce1f201e65.jpg,Open
OpenUnder5kn-2965b673-7612-435c-a70a-30176089ae96.jpg,Open
OpenUnder5kn-2eadbded-e59b-469f-9c64-d7f21131be4e.jpg,Open
OpenUnder5kn-3d4c8be9-36f8-4b66-94fd-2e6f4100e57c.jpg,Open
OpenUnder5kn-555ef4e7-230a-4217-837a-7370e1be30f2.jpg,Open
OpenUnder5kn-5569740a-b7ab-4c52-b426-68f7f1e2d76e.jpg,Open
OpenUnder5kn-5b6244cd-6d04-476f-abe1-5c4d0827ef4f.jpg,Open
OpenUnder5kn-63d4f517-366a-4fec-aaef-6210fb4fd5b2.jpg,Open
OpenUnder5kn-718942f1-d058-449d-946f-f493a143c8bd.jpg,Open
OpenUnder5kn-740a3526-d12b-4edd-82f5-0266f1d38ee8.jpg,Open
OpenUnder5kn-7b18daf7-4c56-4c32-8789-6cf231f19f26.jpg,Open
OpenUnder5kn-7b372f7a-6624-4f58-8321-58c89ec9cd81.jpg,Open
OpenUnder5kn-7bc31cae-7b04-45ba-8bc5-f64be789c121.jpg,Open
OpenUnder5kn-8283082a-eba1-4888-8dae-c9b6a14813b7.jpg,Open
OpenUnder5kn-8e902ef4-b53a-45b9-9da4-435e379f5c5b.jpg,Open
OpenUnder5kn-965d61d4-b29d-4753-8ad8-9ee6eaa36703.jpg,Open
OpenUnder5kn-98e37e32-d516-4e1e-93ef-7b28a58ecdf8.jpg,Open
OpenUnder5kn-adf19044-36bf-4ba8-b248-e0d97412251b.jpg,Open
OpenUnder5kn-b0e278c0-a592-4c4d-bd98-77ca11e1e8dd.jpg,Open
OpenUnder5kn-b951a23f-94e8-4bef-acbc-3165084eb81d.jpg,Open
OpenUnder5kn-def08ccf-151e-4271-aeeb-b689f32be1b7.jpg,Open
OpenUnder5kn-e99aa0f7-9675-4359-9780-1d56ce72486d.jpg,Open
OpenUnder5kn-ea66d73c-82eb-4e13-b2cd-7d0d2a1e1f06.jpg,Open
OpenUnder5kn-f2bbbb0b-1b36-4ed3-ba7e-3e9456867b04.jpg,Open
OpenUnder5kn-f489b903-cd6c-410d-b089-d81df8b3567c.jpg,Open
OpenUnder5kn-f4c19357-e0a1-48b8-be25-2e7e8dd062c0.jpg,Open
CabinCruiserOver5Kn-4953936c-1eb3-4ab9-ba64-e26dff100499.jpg,PWC
CabinCruiserUnder5Kn-2aa1aa24-30d1-4fdf-9d7a-aef31043a2d9.jpg,PWC
CabinCruiserUnder5Kn-2ba00b9b-501f-4365-b8a5-0024595fadea.jpg,PWC
CabinCruiserUnder5Kn-5d523bb4-43b5-45f3-bf03-41d4bf244713.jpg,PWC
CabinCruiserUnder5Kn-9a03c400-d723-496c-b4a7-e75d4760b392.jpg,PWC
CabinCruiserUnder5Kn-c736e7eb-7093-4681-b8bc-bd75f8e8c2f8.jpg,PWC
CabinCruiserUnder5Kn-dfe9f9f0-c38c-465b-a13e-f42beff4eea6.jpg,PWC
CommercialUnder5Kn-64bbf8a5-325c-4d32-afc9-0ebcde13281c.jpg,PWC
CommercialUnder5Kn-f1d9a7bf-9fc9-432f-9b0d-3b98e1268fbf.jpg,PWC
HalfCabOver5Kn-88b71241-ffb6-40d9-b423-54e40a61abff.jpg,PWC
HalfCabUnder5Kn-0df12268-64ca-47d0-8e3d-6e49d54c4e6c.jpg,PWC
HalfCabUnder5Kn-151e1896-270d-48e1-a7a6-142cf153e174.jpg,PWC
HalfCabUnder5Kn-1b24fc00-270f-4b06-81fc-09c21163f5d3.jpg,PWC
HalfCabUnder5Kn-30f5e536-83ba-4ae6-b295-b325a274a3be.jpg,PWC
HalfCabUnder5Kn-32ff7ad2-045b-4d16-a9ab-314133404206.jpg,PWC
HalfCabUnder5Kn-4536df94-fee4-4177-a1eb-6695d8dbc1be.jpg,PWC
HalfCabUnder5Kn-7bb76a38-2bac-4f9d-97eb-7e66ce65b538.jpg,PWC
HalfCabUnder5Kn-7db90fc8-1692-45dd-a23c-ab353188bc29.jpg,PWC
HalfCabUnder5Kn-817bb1bc-dd4f-4763-a7b0-17bf5cd54c3d.jpg,PWC
HalfCabUnder5Kn-abc14072-ea5c-44a0-b6d3-6ebe1a1b7185.jpg,PWC
HalfCabUnder5Kn-b683af97-f65c-454d-bf78-7b819c28b07b.jpg,PWC
HalfCabUnder5Kn-d2c72139-7586-44ee-b7a9-5334e7fb3d6e.jpg,PWC
HalfCabUnder5Kn-d57aafc5-32f9-4178-951f-d475809d5fd1.jpg,PWC
HalfCabUnder5Kn-db282cdd-c0f4-438e-9e7b-8f533fd7b0a1.jpg,PWC
HalfCabUnder5Kn-e91c47e8-68a3-4b43-8152-f7393a80d8ef.jpg,PWC
HalfCabUnder5Kn-fee7d342-0992-48bf-93b5-5bb8a05f49b6.jpg,PWC
OpenOver5Kn-0b956387-236c-45fa-8414-b666312f0064.jpg,PWC
OpenOver5Kn-4ccea98c-3205-45d6-b289-f2a9db825290.jpg,PWC
OpenUnder5kn-145ee0c4-5a41-4934-9a81-7ffff3001c7a.jpg,PWC
OpenUnder5kn-2a93c8d4-c4c5-47ee-bcf5-a8a8aab04f25.jpg,PWC
OpenUnder5kn-5c60a849-4319-4f23-bf87-3f899ab867bd.jpg,PWC
OpenUnder5kn-6d8657e0-99f2-43e8-be09-64d6a6a6eca1.jpg,PWC
OpenUnder5kn-b87c995c-72a3-4996-b212-1e0b40f95178.jpg,PWC
OpenUnder5kn-bd350816-c8d3-49bf-8ba1-a299dee1da3e.jpg,PWC
OpenUnder5kn-e39711d5-36e3-4122-ac63-cc75fc9ed69b.jpg,PWC
